subset	context	horizon_weeks	pathogen	n_series	mean_rmse_naive_persistence	mean_rmse_ridge_ar	mean_rmse_ridge_fusion	mean_rmse_ridge_ww_only	frac_fusion_better_than_ar
geo_matched_state	early_warning	1	COVID-19	50	0.07026680705542543	0.10801238524927417	0.1300788448652777	0.5025731993736526	0.12
geo_matched_state	early_warning	1	Influenza	49	0.06824416979959783	0.17729590943257578	0.20019544911601464	0.5513206026166597	0.061224489795918366
geo_matched_state	early_warning	1	RSV	49	0.06824416979959783	0.1045031371704057	0.1645303167927892	1.4963162495664932	0.10204081632653061
geo_matched_state	with_current_y	1	COVID-19	50	0.060568595360511394	0.07400658099576464	0.08622319682016677	0.5025731993736526	0.04
geo_matched_state	with_current_y	1	Influenza	49	0.058297592720604405	0.11236725439995363	0.1253741782274999	0.5513206026166597	0.16326530612244897
geo_matched_state	with_current_y	1	RSV	49	0.058297592720604405	0.07208159306123059	0.10293085571078286	1.4963162495664932	0.14285714285714285
