model_family	n_series	delta_rmse_median	delta_rmse_p25	delta_rmse_p75	delta_rmse_p10	delta_rmse_p90	delta_rmse_min	delta_rmse_max
ridge regression	150	0.0054864516022045	0.001750026903129624	0.01451652818708728	4.889185214750804e-06	0.02969064073641687	-0.01746269249452731	0.10664582823858101
random forest regression (tuned)	150	0.001427836798546453	-0.003540246119687125	0.016568540533478105	-0.025856519741428132	0.10192256639235316	-0.34297994154178596	1.0568116886055294
gradient boosting regression (tuned)	150	0.001313796053481895	-0.003221527157723573	0.013202154028735277	-0.008959956360962354	0.03935886948134729	-0.0590379719189687	0.1680832260197578
xgboost regression (tuned)	150	0.00032293266056199546	-0.005175229133642223	0.016496598921797622	-0.033542837912701594	0.11444387753352066	-0.1942116416266348	0.989491807302117
